<?xml version="1.0" encoding="UTF-8"?>
<project-private xmlns="http://www.netbeans.org/ns/project-private/1">
    <editor-bookmarks xmlns="http://www.netbeans.org/ns/editor-bookmarks/2" lastBookmarkId="0"/>
    <open-files xmlns="http://www.netbeans.org/ns/projectui-open-files/2">
        <group>
            <file>file:/C:/Users/Assylbek/Desktop/NU-edu/_Tasks/2%20nd%20term/Data%20Structers/Assignment_4/inputfiles/folder1/folder3/file4</file>
            <file>file:/C:/Users/Assylbek/Desktop/NU-edu/_Tasks/2%20nd%20term/Data%20Structers/Assignment_4/inputfiles/folder1/file3</file>
            <file>file:/C:/Users/Assylbek/Desktop/NU-edu/_Tasks/2%20nd%20term/Data%20Structers/Assignment_4/inputfiles/folder1/file2</file>
            <file>file:/C:/Users/Assylbek/Desktop/NU-edu/_Tasks/2%20nd%20term/Data%20Structers/Assignment_4/src/assignment_4/OccurrenceRecord.java</file>
            <file>file:/C:/Users/Assylbek/Desktop/NU-edu/_Tasks/2%20nd%20term/Data%20Structers/Assignment_4/getwordinfo.txt</file>
            <file>file:/C:/Users/Assylbek/Desktop/NU-edu/_Tasks/2%20nd%20term/Data%20Structers/Assignment_4/src/assignment_4/Assignment_4.java</file>
            <file>file:/C:/Users/Assylbek/Desktop/NU-edu/_Tasks/2%20nd%20term/Data%20Structers/Assignment_4/inputfiles/file1</file>
        </group>
    </open-files>
</project-private>
