id,sensortype,data
1848,Temp,25
1849,Humid,15
1850,Gas,926
1851,Temp,25
1852,Humid,15
1853,Gas,924
1854,Temp,25
1855,Humid,15
1856,Gas,921
1857,Temp,25
1858,Humid,15
1859,Gas,918
1860,Temp,25
1861,Humid,16
1862,Gas,916
1863,Temp,25
1864,Humid,15
1865,Gas,913
1866,Temp,25
1867,Humid,15
1868,Gas,908
1869,Temp,25
1870,Humid,15
1871,Gas,907
1872,Temp,25
1873,Humid,15
1874,Gas,905
1875,Temp,25
1876,Humid,16
1877,Gas,903
1878,Temp,26
1879,Humid,15
1880,Gas,900
1881,Temp,25
1882,Temp,25
1883,Humid,15
1884,Gas,859
1885,Temp,26
1886,Humid,15
1887,Temp,26
1888,Humid,15
1889,Gas,907
1890,Temp,25
1891,Humid,16
1892,Gas,905
1893,Temp,21
1894,Humid,15
1895,Gas,901
1896,Temp,26
1897,Humid,15
1898,Gas,897
1899,Temp,26
1900,Humid,15
1901,Gas,895
1902,Temp,26
1903,Humid,15
1904,Gas,892
1905,Temp,26
1906,Humid,15
1907,Gas,889
1908,Temp,25
1909,Humid,15
1910,Gas,846
1911,Temp,26
1912,Humid,15
1913,Gas,905
1914,Temp,25
1915,Humid,15
1916,Gas,881
1917,Temp,26
1918,Humid,15
1919,Gas,880
1920,Temp,26
1921,Humid,15
1922,Gas,878
1923,Temp,26
1924,Humid,15
1925,Gas,876
1926,Humid,15
1927,Gas,873
1928,Temp,26
1929,Humid,15
1930,Gas,870
1931,Temp,26
1932,Humid,15
1933,Gas,869
1934,Temp,26
1935,Humid,15
1936,Gas,868
1937,Temp,26
1938,Humid,15
1939,Gas,867
1940,Temp,26
1941,Humid,15
1942,Gas,866
1943,Temp,26
1944,Humid,15
1945,Gas,865
1946,Temp,26
1947,Humid,15
1948,Temp,26
1949,Humid,15
1950,Gas,860
1951,Temp,26
1952,Humid,15
1953,Gas,859
1954,Temp,26
1955,Humid,15
1956,Gas,858
1957,Temp,26
1958,Humid,15
1959,Gas,857
1960,Temp,26
1961,Humid,15
1962,Gas,856
1963,Temp,26
1964,Humid,15
1965,Gas,855
1966,Temp,26
1967,Humid,15
1968,Gas,854
1969,Humid,15
1970,Gas,854
1971,Temp,26
1972,Humid,15
1973,Gas,852
1974,Temp,26
1975,Humid,15
1976,Gas,852
1977,Temp,27
1978,Humid,14
1979,Gas,849
1980,Temp,26
1981,Humid,15
1982,Gas,849
1983,Temp,26
1984,Humid,15
1985,Gas,848
1986,Temp,26
1987,Humid,15
1988,Gas,847
1989,Temp,26
1990,Humid,15
1991,Gas,846
1992,Temp,26
1993,Humid,15
1994,Gas,845
1995,Temp,26
1996,Humid,15
1997,Gas,845
1998,Temp,26
1999,Humid,15
2000,Gas,843
2001,Temp,26
2002,Humid,15
2003,Gas,843
2004,Temp,26
2005,Humid,15
2006,Gas,842
2007,Temp,26
2008,Humid,15
2009,Gas,841
2010,Temp,26
2011,Humid,15
2012,Gas,841
2013,Temp,26
2014,Humid,15
2015,Gas,840
2016,Temp,26
2017,Humid,15
2018,Gas,838
2019,Temp,25
2020,Humid,15
2021,Gas,838
2022,Humid,15
2023,Gas,836
2024,Temp,26
2025,Humid,16
2026,Gas,835
2027,Temp,27
2028,Humid,14
2029,Gas,833
2030,Temp,26
2031,Humid,15
2032,Gas,833
2033,Temp,26
2034,Humid,16
2035,Gas,806
2036,Temp,26
2037,Humid,16
2038,Gas,852
2039,Humid,15
2040,Gas,848
2041,Temp,26
2042,Humid,15
2043,Gas,843
2044,Temp,26
2045,Humid,15
2046,Gas,841
2047,Temp,26
2048,Humid,15
2049,Gas,838
2050,Temp,26
2051,Humid,15
2052,Gas,836
2053,Temp,26
2054,Humid,15
2055,Gas,834
2056,Temp,26
2057,Humid,15
2058,Gas,833
2059,Temp,26
2060,Humid,16
2061,Gas,832
2062,Temp,26
2063,Humid,15
2064,Gas,831
2065,Temp,26
2066,Humid,15
2067,Gas,830
2068,Temp,26
2069,Humid,15
2070,Gas,829
2071,Temp,26
2072,Humid,15
2073,Gas,828
2074,Temp,26
2075,Humid,15
2076,Gas,826
2077,Temp,26
2078,Humid,15
2079,Gas,825
2080,Temp,26
2081,Humid,15
2082,Gas,825
2083,Temp,28
2084,Humid,14
2085,Gas,824
2086,Temp,26
2087,Humid,15
2088,Gas,824
2089,Temp,26
2090,Humid,15
2091,Gas,822
2092,Temp,26
2093,Humid,15
2094,Gas,822
2095,Temp,26
2096,Humid,16
2097,Gas,822
2098,Temp,26
2099,Humid,15
2100,Gas,821
2101,Temp,26
2102,Humid,15
2103,Gas,821
2104,Temp,26
2105,Humid,15
2106,Gas,820
2107,Temp,26
2108,Humid,15
2109,Gas,820
2110,Temp,27
2111,Humid,15
2112,Temp,26
2113,Humid,14
2114,Gas,821
2115,Temp,26
2116,Humid,15
2117,Gas,819
2118,Temp,26
2119,Humid,15
2120,Gas,818
2121,Temp,27
2122,Humid,15
2123,Gas,816
2124,Temp,26
2125,Humid,15
2126,Gas,814
2127,Temp,26
2128,Humid,15
2129,Gas,813
2130,Temp,26
2131,Humid,15
2132,Gas,812
2133,Temp,26
2134,Humid,15
2135,Temp,26
2136,Humid,15
2137,Gas,778
2138,Temp,26
2139,Humid,15
2140,Gas,831
2141,Temp,26
2142,Humid,15
2143,Gas,837
2144,Temp,26
2145,Humid,15
2146,Gas,835
2147,Temp,27
2148,Temp,26
2149,Humid,16
2150,Gas,816
2151,Temp,26
2152,Humid,15
2153,Gas,816
2154,Temp,26
2155,Humid,15
2156,Gas,814
2157,Temp,26
2158,Humid,15
2159,Gas,812
2160,Temp,26
2161,Humid,15
2162,Gas,812
2163,Temp,26
2164,Humid,15
2165,Gas,811
2166,Temp,26
2167,Humid,16
2168,Gas,811
2169,Temp,26
2170,Humid,15
2171,Gas,810
2172,Temp,26
2173,Humid,15
2174,Gas,806
2175,Temp,26
2176,Humid,15
2177,Gas,806
2178,Temp,26
2179,Humid,16
2180,Gas,806
2181,Temp,26
2182,Gas,805
2183,Temp,26
2184,Humid,15
2185,Gas,802
2186,Temp,26
2187,Humid,15
2188,Gas,802
2189,Temp,26
2190,Humid,15
2191,Gas,801
2192,Temp,24
2193,Humid,39
2194,Gas,811
2195,Temp,31
2196,Humid,40
2197,Gas,809
2198,Temp,26
2199,Humid,43
2200,Gas,802
2201,Temp,26
2202,Humid,41
2203,Gas,806
2204,Temp,26
2205,Humid,43
2206,Gas,810
2207,Temp,27
2208,Humid,41
2209,Gas,807
2210,Temp,28
2211,Humid,28
2212,Gas,804
2213,Temp,27
2214,Humid,17
2215,Gas,794
2216,Temp,27
2217,Humid,41
2218,Gas,795
2219,Temp,27
2220,Humid,17
2221,Gas,794
2222,Temp,27
2223,Humid,17
2224,Gas,795
2225,Temp,27
2226,Humid,28
2227,Gas,804
2228,Temp,27
2229,Humid,17
2230,Gas,810
2231,Temp,27
2232,Humid,27
2233,Gas,807
2234,Temp,27
2235,Humid,43
2236,Gas,808
2237,Temp,27
2238,Humid,43
2239,Gas,807
2240,Temp,27
2241,Humid,42
2242,Gas,802
2243,Temp,27
2244,Humid,40
2245,Gas,804
2246,Temp,27
2247,Humid,32
2248,Gas,801
2249,Temp,27
2250,Humid,42
2251,Gas,800
2252,Temp,27
2253,Humid,35
2254,Gas,807
2255,Temp,27
2256,Humid,40
2257,Gas,816
2258,Temp,27
2259,Temp,27
2260,Humid,16
2261,Gas,811
2262,Temp,26
2263,Humid,17
2264,Gas,809
2265,Temp,26
2266,Humid,17
2267,Gas,808
2268,Temp,26
2269,Humid,30
2270,Gas,806
2271,Temp,27
2272,Humid,18
2273,Gas,802
2274,Temp,27
2275,Humid,17
2276,Gas,798
2277,Temp,27
2278,Humid,16
2279,Gas,797
2280,Temp,27
2281,Humid,16
2282,Gas,795
2283,Temp,26
2284,Humid,17
2285,Gas,795
2286,Temp,27
2287,Humid,15
2288,Gas,785
2289,Temp,26
2290,Humid,17
2291,Gas,794
2292,Temp,27
2293,Humid,16
2294,Gas,795
2295,Temp,27
2296,Humid,16
2297,Gas,784
2298,Temp,26
2299,Humid,16
2300,Gas,773
2301,Temp,26
2302,Humid,16
2303,Gas,777
2304,Temp,26
2305,Humid,16
2306,Gas,777
2307,Temp,27
2308,Humid,15
2309,Gas,777
2310,Temp,27
2311,Humid,15
2312,Gas,777
2313,Temp,27
2314,Humid,15
2315,Gas,780
2316,Temp,27
2317,Humid,15
2318,Gas,784
2319,Temp,27
2320,Humid,15
2321,Gas,782
2322,Temp,27
2323,Humid,15
2324,Gas,783
2325,Temp,27
2326,Humid,15
2327,Gas,785
2328,Temp,29
2329,Humid,14
2330,Gas,786
2331,Temp,27
2332,Humid,15
2333,Temp,26
2334,Humid,16
2335,Gas,655
2336,Temp,27
2337,Humid,15
2338,Gas,759
2339,Temp,27
2340,Humid,15
2341,Gas,792
2342,Temp,26
2343,Humid,18
2344,Gas,796
2345,Temp,27
2346,Humid,29
2347,Temp,27
2348,Humid,16
2349,Gas,793
2350,Temp,27
2351,Humid,15
2352,Gas,795
2353,Temp,27
2354,Humid,16
2355,Gas,792
2356,Temp,27
2357,Humid,16
2358,Gas,786
2359,Temp,30
2360,Humid,16
2361,Gas,787
2362,Temp,27
2363,Humid,33
2364,Gas,783
2365,Temp,27
2366,Humid,17
2367,Gas,783
2368,Temp,27
2369,Humid,16
2370,Gas,775
2371,Temp,27
2372,Humid,15
2373,Gas,785
2374,Temp,27
2375,Humid,16
2376,Gas,784
2377,Temp,27
2378,Humid,15
2379,Gas,783
2380,Temp,27
2381,Humid,15
2382,Gas,782
2383,Temp,27
2384,Humid,16
2385,Gas,778
2386,Temp,27
2387,Humid,15
2388,Gas,777
2389,Temp,27
2390,Humid,15
2391,Gas,777
2392,Temp,27
2393,Humid,15
2394,Gas,776
2395,Temp,27
2396,Humid,15
2397,Gas,776
2398,Temp,27
2399,Humid,15
2400,Gas,775
2401,Temp,27
2402,Humid,15
2403,Gas,772
2404,Temp,27
2405,Humid,15
2406,Gas,769
2407,Temp,27
2408,Humid,15
2409,Gas,769
2410,Temp,27
2411,Humid,15
2412,Gas,768
2413,Temp,27
2414,Humid,15
2415,Gas,770
2416,Temp,27
2417,Humid,15
2418,Gas,770
2419,Temp,27
2420,Humid,15
2421,Gas,771
2422,Temp,27
2423,Humid,15
2424,Gas,765
2425,Temp,27
2426,Humid,15
2427,Gas,765
2428,Temp,27
2429,Humid,15
2430,Gas,766
2431,Temp,26
2432,Humid,16
2433,Gas,771
2434,Temp,27
2435,Humid,16
2436,Gas,775
2437,Temp,27
2438,Humid,17
2439,Gas,778
2440,Temp,27
2441,Humid,17
2442,Gas,782
2443,Temp,27
2444,Humid,19
2445,Gas,786
2446,Temp,27
2447,Humid,36
2448,Gas,788
2449,Temp,27
2450,Humid,19
2451,Gas,783
2452,Temp,27
2453,Humid,17
2454,Gas,780
2455,Temp,27
2456,Humid,16
2457,Gas,776
2458,Temp,29
2459,Humid,16
2460,Gas,775
2461,Temp,27
2462,Humid,17
2463,Gas,775
2464,Temp,27
2465,Humid,32
2466,Gas,774
2467,Temp,27
2468,Humid,15
2469,Gas,774
2470,Temp,27
2471,Humid,15
2472,Gas,775
2473,Temp,27
2474,Humid,15
2475,Gas,770
2476,Temp,27
2477,Humid,15
2478,Gas,774
2479,Temp,27
2480,Humid,15
2481,Gas,774
2482,Temp,27
2483,Temp,27
2484,Humid,18
2485,Gas,729
2486,Temp,26
2487,Humid,17
2488,Gas,798
2489,Temp,26
2490,Humid,33
2491,Gas,810
2492,Temp,26
2493,Humid,43
2494,Gas,806
2495,Temp,26
2496,Humid,18
2497,Gas,772
2498,Temp,26
2499,Humid,18
2500,Gas,774
2501,Temp,26
2502,Temp,26
2503,Humid,18
2504,Gas,775
2505,Temp,26
2506,Humid,16
2507,Gas,774
2508,Temp,26
2509,Humid,16
2510,Gas,774
2511,Temp,26
2512,Humid,16
2513,Gas,773
2514,Temp,26
2515,Humid,16
2516,Gas,772
2517,Temp,21
2518,Humid,16
2519,Gas,770
2520,Temp,26
2521,Humid,16
2522,Gas,769
2523,Temp,26
2524,Humid,16
2525,Gas,769
2526,Temp,26
2527,Humid,16
2528,Gas,768
2529,Temp,26
2530,Humid,16
2531,Gas,768
2532,Temp,26
2533,Humid,18
2534,Gas,763
2535,Temp,26
2536,Humid,43
2537,Gas,765
2538,Temp,27
2539,Humid,55
2540,Gas,765
2541,Temp,27
2542,Humid,45
2543,Gas,766
2544,Temp,29
2545,Humid,43
2546,Gas,764
2547,Temp,28
2548,Humid,43
2549,Gas,762
2550,Temp,28
2551,Humid,46
2552,Gas,763
2553,Temp,28
2554,Humid,42
2555,Gas,760
2556,Temp,28
2557,Humid,42
2558,Gas,758
2559,Temp,29
2560,Humid,37
2561,Gas,759
2562,Temp,29
2563,Humid,37
2564,Gas,760
2565,Temp,32
2566,Humid,40
2567,Gas,764
2568,Temp,29
2569,Humid,42
2570,Gas,763
2571,Temp,24
2572,Humid,33
2573,Gas,798
2574,Temp,25
2575,Humid,32
2576,Gas,798
2577,Temp,24
2578,Humid,41
2579,Gas,798
2580,Temp,21
2581,Humid,34
2582,Gas,797
2583,Temp,24
2584,Humid,35
2585,Gas,797
2586,Temp,24
2587,Humid,33
2588,Gas,796
2589,Temp,25
2590,Humid,33
2591,Gas,795
2592,Temp,24
2593,Humid,34
2594,Gas,795
2595,Temp,25
2596,Gas,793
2597,Temp,24
2598,Humid,34
2599,Gas,794
2600,Temp,24
2601,Humid,33
2602,Gas,794
2603,Temp,27
2604,Humid,31
2605,Gas,794
2606,Temp,24
2607,Humid,34
2608,Gas,793
2609,Temp,25
2610,Humid,40
2611,Gas,792
2612,Temp,24
2613,Humid,36
2614,Gas,792
2615,Temp,24
2616,Humid,40
2617,Gas,792
2618,Temp,24
2619,Temp,24
2620,Humid,18
2621,Gas,1020
2622,Temp,24
2623,Humid,39
2624,Gas,1014
2625,Temp,23
2626,Humid,16
2627,Gas,1012
2628,Temp,24
2629,Humid,37
2630,Gas,1015
2631,Temp,24
2632,Humid,19
2633,Gas,999
2634,Temp,24
2635,Humid,33
2636,Gas,996
2637,Temp,24
2638,Humid,19
2639,Gas,994
2640,Temp,24
2641,Humid,29
2642,Gas,976
2643,Temp,24
2644,Humid,37
2645,Gas,964
2646,Temp,24
2647,Humid,35
2648,Gas,961
2649,Temp,27
2650,Humid,16
2651,Gas,954
2652,Temp,24
2653,Humid,34
2654,Gas,952
2655,Temp,28
2656,Humid,17
2657,Gas,948
2658,Temp,25
2659,Humid,18
2660,Gas,949
2661,Temp,24
2662,Humid,19
2663,Gas,945
2664,Temp,24
2665,Humid,18
2666,Gas,941
2667,Temp,24
2668,Humid,19
2669,Gas,941
2670,Temp,24
2671,Humid,34
2672,Gas,941
2673,Temp,24
2674,Humid,18
2675,Gas,934
2676,Temp,27
2677,Humid,18
2678,Gas,930
2679,Humid,19
2680,Gas,928
2681,Temp,24
2682,Humid,34
2683,Gas,924
2684,Temp,24
2685,Humid,26
2686,Gas,926
2687,Temp,23
2688,Humid,16
2689,Gas,919
2690,Temp,24
2691,Humid,19
2692,Gas,921
2693,Temp,24
2694,Humid,19
2695,Gas,917
2696,Temp,24
2697,Humid,35
2698,Gas,928
2699,Temp,24
2700,Humid,32
2701,Gas,934
2702,Temp,24
2703,Humid,33
2704,Gas,930
2705,Temp,24
2706,Humid,17
2707,Gas,925
2708,Temp,24
2709,Humid,17
2710,Gas,927
2711,Temp,24
2712,Humid,30
2713,Gas,925
2714,Temp,24
2715,Gas,924
2716,Humid,31
2717,Temp,29
2718,Humid,16
2719,Gas,906
2720,Temp,25
2721,Humid,16
2722,Gas,915
2723,Temp,24
2724,Humid,32
2725,Gas,914
2726,Temp,25
2727,Humid,17
2728,Gas,915
2729,Temp,24
2730,Humid,33
2731,Gas,909
2732,Temp,24
2733,Humid,34
2734,Gas,908
2735,Temp,25
2736,Humid,16
2737,Gas,902
2738,Temp,24
2739,Humid,15
2740,Gas,906
2741,Temp,27
2742,Humid,29
2743,Gas,905
2744,Temp,24
2745,Humid,18
2746,Gas,912
2747,Temp,30
2748,Humid,37
2749,Gas,910
2750,Temp,24
2751,Humid,19
2752,Gas,905
2753,Temp,24
2754,Humid,36
2755,Gas,903
2756,Temp,25
2757,Humid,16
2758,Gas,909
2759,Temp,24
2760,Humid,18
2761,Gas,898
2762,Humid,15
2763,Temp,28
2764,Gas,895
2765,Temp,28
2766,Humid,15
2767,Gas,892
2768,Temp,24
2769,Humid,33
2770,Gas,879
2771,Temp,29
2772,Humid,16
2773,Gas,878
2774,Temp,24
2775,Humid,18
2776,Gas,879
2777,Temp,28
2778,Humid,15
2779,Gas,894
2780,Temp,28
2781,Humid,28
2782,Gas,886
2783,Temp,24
2784,Humid,19
2785,Gas,890
2786,Temp,24
2787,Humid,17
2788,Gas,894
2789,Temp,24
2790,Humid,30
2791,Gas,894
2792,Temp,25
2793,Humid,16
2794,Gas,890
2795,Temp,25
2796,Humid,16
2797,Gas,881
2798,Temp,25
2799,Humid,18
2800,Gas,880
2801,Temp,24
2802,Humid,30
2803,Gas,884
2804,Temp,23
2805,Humid,15
2806,Gas,885
2807,Temp,24
2808,Humid,17
2809,Gas,879
2810,Temp,24
2811,Humid,17
2812,Gas,878
2813,Temp,22
2814,Humid,30
2815,Gas,880
2816,Temp,24
2817,Humid,16
2818,Gas,874
2819,Temp,24
2820,Humid,32
2821,Gas,879
2822,Temp,24
2823,Humid,17
2824,Gas,872
2825,Temp,24
2826,Humid,30
2827,Gas,878
2828,Temp,25
2829,Humid,16
2830,Gas,874
2831,Temp,24
2832,Humid,18
2833,Gas,872
2834,Temp,24
2835,Humid,31
2836,Temp,24
2837,Humid,17
2838,Gas,865
2839,Temp,24
2840,Humid,19
2841,Gas,867
2842,Temp,24
2843,Humid,17
2844,Gas,870
2845,Temp,25
2846,Humid,29
2847,Gas,861
2848,Temp,24
2849,Humid,19
2850,Gas,861
2851,Temp,24
2852,Humid,19
2853,Gas,847
2854,Temp,25
2855,Humid,16
2856,Gas,860
2857,Temp,24
2858,Humid,21
2859,Gas,866
2860,Temp,24
2861,Humid,23
2862,Gas,865
2863,Temp,24
2864,Humid,17
2865,Gas,864
2866,Temp,24
2867,Humid,27
2868,Gas,865
2869,Temp,24
2870,Humid,17
2871,Gas,861
2872,Temp,24
2873,Humid,18
2874,Gas,861
2875,Temp,23
2876,Humid,17
2877,Gas,860
2878,Temp,24
2879,Humid,26
2880,Gas,859
2881,Temp,24
2882,Humid,17
2883,Gas,861
2884,Temp,24
2885,Humid,20
2886,Gas,858
2887,Temp,24
2888,Humid,30
2889,Gas,858
2890,Temp,24
2891,Humid,31
2892,Gas,856
2893,Temp,25
2894,Humid,16
2895,Gas,850
2896,Temp,28
2897,Humid,15
2898,Gas,857
2899,Temp,24
2900,Humid,31
2901,Gas,833
2902,Temp,24
2903,Humid,16
2904,Gas,840
2905,Temp,24
2906,Humid,17
2907,Gas,838
2908,Temp,24
2909,Humid,30
2910,Gas,828
2911,Temp,24
2912,Humid,17
2913,Gas,836
2914,Temp,27
2915,Humid,31
2916,Gas,826
2917,Temp,24
2918,Humid,17
2919,Gas,829
2920,Temp,26
2921,Humid,17
2922,Gas,833
2923,Temp,24
2924,Humid,28
2925,Gas,834
2926,Temp,24
2927,Humid,30
2928,Gas,826
2929,Temp,24
2930,Humid,30
2931,Gas,826
2932,Temp,21
2933,Humid,17
2934,Gas,826
2935,Temp,24
2936,Humid,22
2937,Gas,833
2938,Temp,24
2939,Gas,832
2940,Temp,26
2941,Humid,23
2942,Gas,825
2943,Temp,24
2944,Humid,17
2945,Gas,830
2946,Temp,24
2947,Humid,19
2948,Gas,829
2949,Temp,24
2950,Humid,25
2951,Gas,832
2952,Temp,24
2953,Humid,17
2954,Gas,831
2955,Temp,24
2956,Humid,26
2957,Gas,830
2958,Temp,28
2959,Humid,17
2960,Gas,831
2961,Temp,24
2962,Humid,17
2963,Gas,831
2964,Temp,24
2965,Humid,17
2966,Gas,822
2967,Temp,24
2968,Humid,29
2969,Gas,822
2970,Temp,27
2971,Humid,16
2972,Gas,831
2973,Temp,24
2974,Humid,17
2975,Gas,828
2976,Temp,24
2977,Humid,17
2978,Gas,828
2979,Temp,24
2980,Humid,17
2981,Gas,829
2982,Temp,29
2983,Humid,16
2984,Gas,828
2985,Temp,24
2986,Humid,19
2987,Gas,826
2988,Temp,25
2989,Humid,18
2990,Gas,825
2991,Temp,24
2992,Humid,17
2993,Gas,825
2994,Temp,24
2995,Humid,17
2996,Gas,826
2997,Temp,28
2998,Humid,28
2999,Gas,824
3000,Temp,24
3001,Humid,30
3002,Gas,825
3003,Temp,24
3004,Humid,17
3005,Gas,825
3006,Temp,24
3007,Humid,22
3008,Gas,825
3009,Temp,24
3010,Humid,26
3011,Gas,824
3012,Temp,28
3013,Humid,30
3014,Gas,824
3015,Temp,24
3016,Humid,17
3017,Gas,824
3018,Temp,24
3019,Humid,17
3020,Gas,822
3021,Temp,27
3022,Humid,17
3023,Gas,823
3024,Temp,28
3025,Humid,19
3026,Gas,821
3027,Temp,27
3028,Humid,17
3029,Gas,820
3030,Temp,24
3031,Humid,19
3032,Gas,821
3033,Temp,24
3034,Humid,19
3035,Gas,821
3036,Temp,24
3037,Humid,17
3038,Gas,821
3039,Temp,24
3040,Humid,30
3041,Gas,818
3042,Temp,24
3043,Humid,22
3044,Gas,818
3045,Temp,24
3046,Humid,26
3047,Gas,820
3048,Temp,25
3049,Humid,24
3050,Gas,817
3051,Temp,24
3052,Humid,26
3053,Gas,820
3054,Temp,24
3055,Humid,26
3056,Gas,819
3057,Temp,24
3058,Humid,28
3059,Gas,817
3060,Temp,28
3061,Humid,17
3062,Gas,817
3063,Temp,24
3064,Humid,19
3065,Gas,817
3066,Temp,27
3067,Humid,16
3068,Gas,814
3069,Temp,24
3070,Humid,19
3071,Gas,816
3072,Temp,24
3073,Humid,28
3074,Gas,814
3075,Temp,24
3076,Humid,18
3077,Gas,816
3078,Temp,24
3079,Humid,19
3080,Gas,816
3081,Temp,24
3082,Humid,24
3083,Gas,813
3084,Temp,24
3085,Humid,26
3086,Gas,814
3087,Temp,24
3088,Humid,26
3089,Gas,814
3090,Temp,24
3091,Humid,27
3092,Gas,812
3093,Temp,24
3094,Humid,19
3095,Gas,813
3096,Temp,28
3097,Humid,17
3098,Gas,812
3099,Temp,24
3100,Humid,19
3101,Gas,813
3102,Temp,24
3103,Humid,24
3104,Gas,811
3105,Temp,24
3106,Humid,17
3107,Gas,814
3108,Temp,24
3109,Humid,26
3110,Gas,813
3111,Temp,24
3112,Humid,17
3113,Gas,812
3114,Temp,24
3115,Humid,28
3116,Gas,812
3117,Temp,25
3118,Humid,29
3119,Gas,811
3120,Temp,24
3121,Humid,30
3122,Gas,811
3123,Temp,24
3124,Humid,30
3125,Gas,811
3126,Temp,24
3127,Humid,30
3128,Gas,810
3129,Temp,24
3130,Humid,17
3131,Gas,808
3132,Temp,24
3133,Humid,19
3134,Gas,807
3135,Temp,24
3136,Humid,30
3137,Gas,809
3138,Temp,24
3139,Humid,30
3140,Gas,809
3141,Temp,24
3142,Humid,30
3143,Gas,807
3144,Temp,24
3145,Humid,30
3146,Gas,808
3147,Temp,24
3148,Humid,24
3149,Gas,808
3150,Temp,24
3151,Humid,30
3152,Gas,807
3153,Temp,24
3154,Humid,17
3155,Gas,806
3156,Temp,20
3157,Humid,28
3158,Gas,806
3159,Temp,24
3160,Humid,17
3161,Gas,805
3162,Temp,24
3163,Humid,17
3164,Gas,805
3165,Humid,20
3166,Gas,806
3167,Temp,24
3168,Humid,19
3169,Gas,809
3170,Temp,24
3171,Humid,17
3172,Gas,804
3173,Temp,27
3174,Humid,15
3175,Gas,802
3176,Temp,24
3177,Humid,19
3178,Gas,802
3179,Temp,24
3180,Humid,17
3181,Temp,25
3182,Humid,18
3183,Gas,874
3184,Temp,24
3185,Humid,18
3186,Gas,886
3187,Temp,24
3188,Humid,34
3189,Gas,880
3190,Temp,27
3191,Humid,17
3192,Gas,872
3193,Temp,24
3194,Humid,17
3195,Gas,868
3196,Temp,24
3197,Humid,19
3198,Gas,866
3199,Temp,24
3200,Humid,36
3201,Gas,864
3202,Temp,24
3203,Humid,33
3204,Gas,860
3205,Temp,24
3206,Humid,19
3207,Gas,859
3208,Temp,27
3209,Humid,17
3210,Gas,855
3211,Temp,24
3212,Humid,28
3213,Gas,855
3214,Temp,24
3215,Humid,37
3216,Gas,850
3217,Temp,24
3218,Humid,33
3219,Gas,853
3220,Temp,24
3221,Humid,22
3222,Gas,850
3223,Temp,24
3224,Humid,19
3225,Gas,849
3226,Temp,27
3227,Humid,17
3228,Gas,848
3229,Temp,24
3230,Humid,39
3231,Gas,846
3232,Temp,24
3233,Humid,19
3234,Gas,846
3235,Temp,24
3236,Humid,35
3237,Gas,845
3238,Temp,24
3239,Humid,33
3240,Gas,845
3241,Temp,27
3242,Humid,20
3243,Gas,843
3244,Temp,24
3245,Humid,33
3246,Gas,842
3247,Temp,24
3248,Humid,31
3249,Gas,841
3250,Temp,24
3251,Humid,19
3252,Gas,841
3253,Temp,24
3254,Humid,20
3255,Gas,836
3256,Temp,24
3257,Humid,19
3258,Gas,840
3259,Temp,24
3260,Humid,31
3261,Gas,838
3262,Temp,24
3263,Humid,18
3264,Gas,837
3265,Temp,24
3266,Humid,33
3267,Gas,836
3268,Temp,25
3269,Humid,18
3270,Gas,835
3271,Temp,27
3272,Humid,20
3273,Gas,835
3274,Temp,24
3275,Humid,19
3276,Gas,834
3277,Temp,25
3278,Humid,18
3279,Gas,834
3280,Temp,24
3281,Humid,25
3282,Gas,834
3283,Temp,24
3284,Humid,38
3285,Gas,832
3286,Temp,27
3287,Humid,32
3288,Gas,833
3289,Temp,24
3290,Humid,32
3291,Gas,832
3292,Temp,25
3293,Humid,33
3294,Gas,832
3295,Temp,25
3296,Humid,33
3297,Gas,832
3298,Temp,25
3299,Humid,18
3300,Gas,831
3301,Temp,25
3302,Humid,37
3303,Gas,831
3304,Temp,25
3305,Humid,18
3306,Gas,831
3307,Temp,24
3308,Humid,32
3309,Gas,829
3310,Temp,20
3311,Humid,19
3312,Gas,829
3313,Temp,25
3314,Gas,829
3315,Humid,34
3316,Temp,28
3317,Humid,18
3318,Gas,826
3319,Temp,24
3320,Humid,19
3321,Gas,826
3322,Temp,20
3323,Humid,18
3324,Gas,826
3325,Temp,25
3326,Humid,18
3327,Gas,825
3328,Temp,24
3329,Humid,36
3330,Gas,825
3331,Temp,25
3332,Humid,31
3333,Gas,825
3334,Temp,25
3335,Humid,18
3336,Gas,825
3337,Temp,25
3338,Humid,24
3339,Gas,824
3340,Temp,24
3341,Humid,18
3342,Gas,822
3343,Temp,25
3344,Humid,18
3345,Gas,823
3346,Temp,25
3347,Humid,18
3348,Gas,823
3349,Temp,25
3350,Humid,39
3351,Gas,820
3352,Temp,25
3353,Humid,18
3354,Gas,822
3355,Temp,28
3356,Humid,18
3357,Gas,822
3358,Temp,27
3359,Humid,17
3360,Gas,822
3361,Temp,25
3362,Humid,36
3363,Gas,822
3364,Temp,26
3365,Humid,18
3366,Gas,821
3367,Temp,25
3368,Humid,18
3369,Gas,821
3370,Temp,25
3371,Humid,18
3372,Gas,821
3373,Temp,25
3374,Humid,19
3375,Gas,821
3376,Temp,27
3377,Humid,17
3378,Gas,821
3379,Temp,28
3380,Humid,22
3381,Gas,820
3382,Temp,25
3383,Humid,19
3384,Gas,819
3385,Temp,25
3386,Humid,20
3387,Gas,817
3388,Temp,25
3389,Humid,20
3390,Gas,814
3391,Temp,25
3392,Humid,24
3393,Gas,821
3394,Temp,27
3395,Humid,19
3396,Gas,813
3397,Temp,29
3398,Humid,38
3399,Gas,819
3400,Temp,25
3401,Humid,30
3402,Gas,819
3403,Temp,25
3404,Humid,23
3405,Gas,818
3406,Temp,25
3407,Humid,40
3408,Gas,816
3409,Temp,25
3410,Humid,29
3411,Gas,817
3412,Temp,25
3413,Humid,40
3414,Gas,819
3415,Temp,25
3416,Humid,23
3417,Gas,817
3418,Temp,25
3419,Humid,24
3420,Gas,816
3421,Temp,25
3422,Humid,24
3423,Gas,814
3424,Temp,25
3425,Humid,21
3426,Gas,814
3427,Temp,25
3428,Humid,25
3429,Gas,814
3430,Temp,25
3431,Humid,39
3432,Gas,816
3433,Temp,25
3434,Humid,25
3435,Gas,813
3436,Temp,25
3437,Humid,34
3438,Gas,813
3439,Temp,25
3440,Humid,25
3441,Gas,813
3442,Temp,25
3443,Humid,25
3444,Gas,813
3445,Temp,25
3446,Humid,25
3447,Gas,813
3448,Temp,27
3449,Humid,23
3450,Gas,813
3451,Temp,25
3452,Humid,24
3453,Gas,814
3454,Temp,25
3455,Humid,23
3456,Gas,816
3457,Temp,25
3458,Humid,34
3459,Gas,816
3460,Temp,25
3461,Humid,29
3462,Gas,809
3463,Temp,25
3464,Humid,24
3465,Gas,814
3466,Temp,25
3467,Humid,29
3468,Gas,814
3469,Temp,25
3470,Humid,33
3471,Gas,814
3472,Temp,25
3473,Humid,29
3474,Gas,814
3475,Temp,25
3476,Humid,29
3477,Gas,814
3478,Temp,26
3479,Humid,37
3480,Gas,807
3481,Temp,25
3482,Humid,39
3483,Gas,807
3484,Temp,25
3485,Humid,30
3486,Gas,813
3487,Temp,25
3488,Humid,29
3489,Gas,807
3490,Temp,25
3491,Humid,29
3492,Gas,811
3493,Temp,25
3494,Humid,29
3495,Gas,813
3496,Temp,25
3497,Humid,41
3498,Gas,813
3499,Temp,25
3500,Humid,40
3501,Gas,814
3502,Temp,25
3503,Humid,36
3504,Gas,813
3505,Temp,25
3506,Humid,36
3507,Gas,812
3508,Temp,25
3509,Humid,41
3510,Gas,812
3511,Temp,25
3512,Humid,35
3513,Gas,812
3514,Temp,25
3515,Humid,34
3516,Gas,812
3517,Temp,25
3518,Humid,29
3519,Gas,812
3520,Temp,26
3521,Humid,41
3522,Gas,812
3523,Temp,25
3524,Humid,40
3525,Gas,812
3526,Temp,25
3527,Humid,36
3528,Gas,812
3529,Temp,25
3530,Humid,29
3531,Gas,811
3532,Temp,25
3533,Humid,30
3534,Gas,810
3535,Temp,25
3536,Humid,37
3537,Gas,811
3538,Temp,25
3539,Humid,41
3540,Gas,810
3541,Temp,25
3542,Humid,29
3543,Gas,810
3544,Temp,25
3545,Humid,40
3546,Gas,806
3547,Temp,25
3548,Humid,29
3549,Gas,808
3550,Temp,25
3551,Humid,30
3552,Gas,808
3553,Temp,25
3554,Humid,29
3555,Gas,808
3556,Temp,25
3557,Humid,42
3558,Gas,808
3559,Temp,25
3560,Humid,29
3561,Gas,807
3562,Temp,25
3563,Humid,40
3564,Gas,807
3565,Temp,25
3566,Humid,29
3567,Gas,809
3568,Temp,26
3569,Humid,29
3570,Gas,806
3571,Temp,25
3572,Humid,39
3573,Gas,806
3574,Temp,25
3575,Humid,31
3576,Gas,807
3577,Temp,25
3578,Humid,30
3579,Gas,807
3580,Temp,25
3581,Humid,43
3582,Gas,806
3583,Temp,25
3584,Humid,30
3585,Gas,806
3586,Temp,25
3587,Humid,28
3588,Gas,806
3589,Temp,28
3590,Humid,28
3591,Gas,806
3592,Temp,25
3593,Humid,30
3594,Gas,806
3595,Temp,25
3596,Humid,39
3597,Gas,806
3598,Temp,25
3599,Humid,29
3600,Gas,806
3601,Temp,25
3602,Humid,29
3603,Gas,805
3604,Temp,25
3605,Humid,29
3606,Gas,805
3607,Temp,25
3608,Humid,29
3609,Gas,805
3610,Temp,25
3611,Humid,29
3612,Gas,805
3613,Temp,25
3614,Humid,29
3615,Gas,802
3616,Temp,28
3617,Humid,40
3618,Gas,804
3619,Temp,25
3620,Humid,30
3621,Gas,804
3622,Temp,25
3623,Humid,29
3624,Gas,802
3625,Temp,25
3626,Humid,29
3627,Gas,802
3628,Temp,28
3629,Humid,28
3630,Gas,804
3631,Temp,25
3632,Humid,30
3633,Gas,801
3634,Temp,25
3635,Humid,29
3636,Gas,801
3637,Temp,25
3638,Humid,29
3639,Gas,797
3640,Temp,25
3641,Humid,39
3642,Gas,802
3643,Temp,25
3644,Humid,41
3645,Gas,801
3646,Temp,25
3647,Humid,30
3648,Gas,800
3649,Temp,26
3650,Humid,29
3651,Gas,801
3652,Temp,25
3653,Humid,29
3654,Gas,800
3655,Temp,27
3656,Humid,39
3657,Gas,801
3658,Temp,25
3659,Humid,30
3660,Gas,798
3661,Temp,25
3662,Humid,30
3663,Gas,798
3664,Temp,25
3665,Humid,36
3666,Gas,800
3667,Temp,25
3668,Humid,31
3669,Gas,801
3670,Temp,25
3671,Humid,30
3672,Gas,800
3673,Temp,25
3674,Humid,41
3675,Gas,798
3676,Temp,27
3677,Humid,30
3678,Gas,798
3679,Temp,25
3680,Humid,39
3681,Gas,801
3682,Temp,25
3683,Humid,30
3684,Gas,799
3685,Temp,25
3686,Humid,30
3687,Gas,798
3688,Temp,25
3689,Humid,30
3690,Gas,797
3691,Temp,25
3692,Humid,42
3693,Gas,798
3694,Temp,25
3695,Humid,30
3696,Gas,798
3697,Temp,25
3698,Humid,39
3699,Gas,799
3700,Temp,25
3701,Humid,30
3702,Gas,804
3703,Temp,25
3704,Humid,35
3705,Gas,797
3706,Temp,25
3707,Humid,29
3708,Gas,798
3709,Temp,25
3710,Humid,39
3711,Gas,797
3712,Temp,25
3713,Humid,39
3714,Gas,797
3715,Temp,25
3716,Humid,34
3717,Gas,796
3718,Temp,20
3719,Humid,21
3720,Gas,796
3721,Temp,25
3722,Humid,41
3723,Gas,802
3724,Temp,25
3725,Humid,35
3726,Gas,796
3727,Temp,25
3728,Humid,36
3729,Gas,795
3730,Temp,25
3731,Humid,36
3732,Gas,795
3733,Temp,25
3734,Humid,31
3735,Gas,795
3736,Temp,25
3737,Humid,29
3738,Gas,795
3739,Temp,25
3740,Humid,29
3741,Gas,795
3742,Temp,25
3743,Humid,28
3744,Gas,795
3745,Temp,25
3746,Humid,40
3747,Gas,796
3748,Temp,25
3749,Humid,36
3750,Gas,795
3751,Temp,25
3752,Humid,40
3753,Gas,801
3754,Temp,25
3755,Humid,40
3756,Gas,794
3757,Temp,25
3758,Humid,29
3759,Gas,801
3760,Temp,25
3761,Humid,37
3762,Gas,798
3763,Temp,25
3764,Humid,28
3765,Gas,793
3766,Temp,25
3767,Humid,40
3768,Gas,799
3769,Temp,25
3770,Humid,29
3771,Gas,793
3772,Temp,25
3773,Humid,39
3774,Gas,793
3775,Temp,25
3776,Humid,29
3777,Gas,798
3778,Temp,25
3779,Humid,29
3780,Gas,798
3781,Temp,25
3782,Humid,29
3783,Gas,792
3784,Temp,25
3785,Humid,29
3786,Gas,793
3787,Temp,25
3788,Humid,31
3789,Gas,790
3790,Temp,25
3791,Humid,29
3792,Gas,792
3793,Temp,25
3794,Humid,29
3795,Gas,792
3796,Temp,25
3797,Humid,23
3798,Gas,797
3799,Temp,25
3800,Humid,28
3801,Gas,797
3802,Temp,25
3803,Humid,25
3804,Gas,789
3805,Temp,25
3806,Humid,23
3807,Gas,794
3808,Temp,25
3809,Humid,20
3810,Gas,788
3811,Temp,26
3812,Gas,788
3813,Humid,24
3814,Temp,25
3815,Humid,39
3816,Gas,795
3817,Temp,25
3818,Humid,27
3819,Gas,788
3820,Temp,25
3821,Humid,29
3822,Gas,795
3823,Temp,25
3824,Humid,26
3825,Gas,788
3826,Temp,25
3827,Humid,29
3828,Gas,787
3829,Temp,25
3830,Humid,29
3831,Gas,787
3832,Temp,25
3833,Humid,24
3834,Gas,795
3835,Temp,25
3836,Humid,24
3837,Gas,795
3838,Temp,25
3839,Humid,39
3840,Gas,794
3841,Temp,25
3842,Humid,29
3843,Gas,794
3844,Temp,25
3845,Humid,21
3846,Gas,795
3847,Temp,25
3848,Humid,25
3849,Gas,786
3850,Temp,25
3851,Humid,25
3852,Gas,794
3853,Temp,25
3854,Humid,39
3855,Gas,786
3856,Temp,28
3857,Humid,28
3858,Gas,787
3859,Temp,25
3860,Humid,27
3861,Gas,792
3862,Temp,25
3863,Humid,24
3864,Gas,794
3865,Temp,25
3866,Humid,24
3867,Gas,794
3868,Temp,26
3869,Humid,24
3870,Gas,794
3871,Temp,20
3872,Humid,19
3873,Gas,793
3874,Temp,25
3875,Humid,23
3876,Gas,787
3877,Temp,25
3878,Humid,27
3879,Gas,792
3880,Temp,25
3881,Humid,24
3882,Gas,793
3883,Temp,25
3884,Temp,24
3885,Humid,16
3886,Gas,934
3887,Temp,24
3888,Humid,16
3889,Gas,941
3890,Temp,24
3891,Humid,17
3892,Gas,924
3893,Temp,21
3894,Humid,15
3895,Gas,915
3896,Temp,28
3897,Humid,14
3898,Gas,900
3899,Temp,24
3900,Humid,17
3901,Gas,895
3902,Temp,25
3903,Humid,19
3904,Gas,888
3905,Temp,24
3906,Humid,18
3907,Gas,895
3908,Temp,24
3909,Humid,16
3910,Gas,888
3911,Temp,27
3912,Humid,14
3913,Gas,867
3914,Temp,24
3915,Humid,16
3916,Gas,856
3917,Temp,24
3918,Humid,16
3919,Gas,849
3920,Temp,24
3921,Humid,16
3922,Gas,847
3923,Temp,29
3924,Gas,848
3925,Humid,13
3926,Temp,24
3927,Humid,19
3928,Gas,843
3929,Temp,24
3930,Humid,16
3931,Gas,844
3932,Temp,24
3933,Humid,19
3934,Gas,836
3935,Temp,24
3936,Humid,16
3937,Gas,835
3938,Temp,24
3939,Humid,17
3940,Gas,836
3941,Temp,25
3942,Humid,15
3943,Gas,836
3944,Temp,24
3945,Humid,16
3946,Gas,826
3947,Temp,24
3948,Humid,19
3949,Gas,828
3950,Temp,24
3951,Humid,19
3952,Gas,824
3953,Temp,24
3954,Humid,19
3955,Gas,823
3956,Temp,20
3957,Humid,16
3958,Gas,820
3959,Temp,24
3960,Humid,16
3961,Gas,816
3962,Temp,26
3963,Humid,15
3964,Gas,813
3965,Temp,25
3966,Humid,16
3967,Gas,812
3968,Temp,24
3969,Humid,16
3970,Gas,810
3971,Temp,30
3972,Humid,13
3973,Gas,810
3974,Temp,24
3975,Humid,16
3976,Gas,806
3977,Temp,24
3978,Humid,16
3979,Gas,799
3980,Temp,24
3981,Humid,17
3982,Gas,802
3983,Temp,24
3984,Humid,16
3985,Gas,744
3986,Temp,24
3987,Humid,16
3988,Gas,819
3989,Temp,23
3990,Humid,17
3991,Gas,832
3992,Temp,24
3993,Humid,16
3994,Gas,831
3995,Temp,23
3996,Humid,19
3997,Temp,24
3998,Humid,16
3999,Gas,737
4000,Temp,23
4001,Humid,16
4002,Gas,813
4003,Temp,24
4004,Humid,18
4005,Gas,840
4006,Temp,23
4007,Humid,16
4008,Gas,831
4009,Temp,24
4010,Humid,16
4011,Gas,822
4012,Temp,27
4013,Humid,14
4014,Gas,824
4015,Temp,23
4016,Humid,17
4017,Gas,814
4018,Temp,24
4019,Humid,16
4020,Gas,821
4021,Temp,24
4022,Humid,16
4023,Gas,810
4024,Temp,24
4025,Humid,16
4026,Gas,814
4027,Temp,23
4028,Humid,16
4029,Gas,813
4030,Temp,24
4031,Humid,17
4032,Gas,806
4033,Temp,22
4034,Humid,16
4035,Gas,805
4036,Temp,25
4037,Humid,14
4038,Gas,809
4039,Temp,24
4040,Humid,16
4041,Gas,806
4042,Temp,23
4043,Humid,17
4044,Gas,805
4045,Temp,24
4046,Humid,18
4047,Gas,804
4048,Temp,23
4049,Humid,16
4050,Gas,806
4051,Temp,23
4052,Humid,18
4053,Gas,805
4054,Temp,27
4055,Humid,16
4056,Gas,802
4057,Temp,24
4058,Humid,16
4059,Gas,795
4060,Temp,27
4061,Humid,17
4062,Gas,796
4063,Temp,24
4064,Humid,16
4065,Gas,796
4066,Temp,24
4067,Humid,18
4068,Gas,788
4069,Temp,24
4070,Humid,16
4071,Gas,787
4072,Temp,24
4073,Humid,16
4074,Gas,796
4075,Temp,24
4076,Humid,18
4077,Gas,792
4078,Temp,24
4079,Humid,18
4080,Gas,788
4081,Temp,23
4082,Humid,19
4083,Gas,787
4084,Temp,24
4085,Humid,16
4086,Gas,792
4087,Temp,23
4088,Humid,18
4089,Gas,786
4090,Temp,24
4091,Humid,18
4092,Gas,786
4093,Temp,23
4094,Humid,16
4095,Gas,785
4096,Temp,24
4097,Humid,16
4098,Gas,784
4099,Temp,24
4100,Humid,16
4101,Gas,783
4102,Temp,24
4103,Humid,16
4104,Gas,778
4105,Temp,23
4106,Humid,17
4107,Gas,775
4108,Temp,23
4109,Humid,16
4110,Gas,784
4111,Temp,24
4112,Humid,16
4113,Gas,780
4114,Temp,24
4115,Humid,16
4116,Gas,781
4117,Temp,24
4118,Humid,16
4119,Gas,774
4120,Temp,24
4121,Humid,16
4122,Gas,781
4123,Temp,24
4124,Humid,16
4125,Gas,776
4126,Temp,24
4127,Humid,16
4128,Gas,780
4129,Temp,24
4130,Humid,16
4131,Gas,778
4132,Temp,24
4133,Humid,16
4134,Gas,777
4135,Temp,24
4136,Humid,16
4137,Gas,773
4138,Temp,23
4139,Humid,16
4140,Gas,769
4141,Temp,24
4142,Humid,16
4143,Gas,776
4144,Temp,23
4145,Humid,16
4146,Gas,769
4147,Temp,19
4148,Humid,15
4149,Gas,771
4150,Temp,24
4151,Humid,16
4152,Gas,774
4153,Temp,24
4154,Humid,16
4155,Gas,770
4156,Temp,23
4157,Humid,16
4158,Gas,769
4159,Temp,22
4160,Humid,16
4161,Gas,769
4162,Temp,24
4163,Humid,16
4164,Gas,769
4165,Temp,25
4166,Humid,15
4167,Gas,765
4168,Temp,23
4169,Humid,17
4170,Gas,771
4171,Temp,24
4172,Humid,18
4173,Gas,769
4174,Temp,23
4175,Humid,16
4176,Gas,766
4177,Temp,24
4178,Humid,18
4179,Gas,765
4180,Temp,24
4181,Humid,16
4182,Gas,765
4183,Temp,23
4184,Humid,18
4185,Gas,764
4186,Temp,24
4187,Humid,16
4188,Gas,764
4189,Temp,24
4190,Humid,16
4191,Gas,763
4192,Temp,24
4193,Humid,16
4194,Gas,762
4195,Temp,23
4196,Humid,16
4197,Gas,765
4198,Temp,27
4199,Humid,14
4200,Gas,765
4201,Temp,24
4202,Humid,16
4203,Gas,764
4204,Temp,24
4205,Humid,16
4206,Gas,760
4207,Temp,24
4208,Humid,16
4209,Gas,763
4210,Temp,24
4211,Humid,16
4212,Gas,760
4213,Temp,23
4214,Humid,16
4215,Gas,759
4216,Temp,23
4217,Humid,16
4218,Gas,762
4219,Temp,23
4220,Humid,16
4221,Gas,758
4222,Temp,24
4223,Humid,16
4224,Gas,761
4225,Temp,24
4226,Humid,16
4227,Gas,759
4228,Temp,23
4229,Humid,18
4230,Gas,757
4231,Temp,24
4232,Humid,16
4233,Gas,760
4234,Temp,24
4235,Humid,16
4236,Gas,759
4237,Temp,23
4238,Humid,16
4239,Gas,763
4240,Temp,27
4241,Humid,14
4242,Gas,753
4243,Temp,24
4244,Humid,16
4245,Gas,758
4246,Temp,26
4247,Humid,15
4248,Gas,751
4249,Temp,24
4250,Humid,16
4251,Gas,758
4252,Temp,23
4253,Humid,16
4254,Gas,758
4255,Temp,23
4256,Humid,17
4257,Gas,758
4258,Temp,24
4259,Humid,16
4260,Gas,754
4261,Temp,23
4262,Humid,16
4263,Gas,756
4264,Temp,23
4265,Humid,16
4266,Gas,756
4267,Temp,24
4268,Humid,16
4269,Gas,753
4270,Temp,24
4271,Humid,16
4272,Gas,756
4273,Humid,16
4274,Temp,23
4275,Gas,754
4276,Temp,24
4277,Humid,16
4278,Gas,758
4279,Temp,24
4280,Humid,18
4281,Gas,754
4282,Temp,23
4283,Humid,16
4284,Gas,756
4285,Temp,24
4286,Humid,16
4287,Gas,749
4288,Temp,27
4289,Humid,13
4290,Gas,753
4291,Temp,23
4292,Humid,16
4293,Gas,754
4294,Temp,24
4295,Humid,16
4296,Gas,748
4297,Humid,16
4298,Temp,24
4299,Gas,753
4300,Temp,23
4301,Humid,16
4302,Gas,747
4303,Temp,24
4304,Humid,16
4305,Gas,750
4306,Temp,24
4307,Humid,16
4308,Gas,756
4309,Temp,23
4310,Humid,16
4311,Gas,749
4312,Temp,24
4313,Humid,17
4314,Gas,750
4315,Temp,23
4316,Humid,16
4317,Gas,749
4318,Temp,23
4319,Humid,17
4320,Gas,753
4321,Temp,24
4322,Humid,18
4323,Gas,746
4324,Temp,24
4325,Humid,16
4326,Gas,748
4327,Temp,23
4328,Humid,16
4329,Gas,750
4330,Temp,24
4331,Humid,18
4332,Gas,748
4333,Temp,24
4334,Humid,16
4335,Gas,748
4336,Temp,23
4337,Humid,16
4338,Gas,745
4339,Temp,26
4340,Humid,15
4341,Gas,745
4342,Temp,23
4343,Humid,16
4344,Gas,744
4345,Temp,24
4346,Humid,16
4347,Gas,746
4348,Temp,23
4349,Humid,16
4350,Gas,750
4351,Temp,27
4352,Humid,14
4353,Gas,753
4354,Temp,24
4355,Humid,16
4356,Gas,747
4357,Temp,24
4358,Humid,16
4359,Gas,753
4360,Temp,27
4361,Humid,14
4362,Gas,741
4363,Temp,23
4364,Humid,16
4365,Gas,746
4366,Temp,24
4367,Humid,17
4368,Gas,745
4369,Temp,23
4370,Humid,16
4371,Gas,749
4372,Temp,24
4373,Humid,18
4374,Gas,750
4375,Temp,24
4376,Humid,16
4377,Gas,747
4378,Temp,24
4379,Humid,17
4380,Gas,744
4381,Temp,23
4382,Humid,16
4383,Gas,749
4384,Temp,24
4385,Gas,730
4386,Temp,23
4387,Humid,18
4388,Gas,734
4389,Temp,24
4390,Humid,16
4391,Gas,730
4392,Temp,24
4393,Humid,19
4394,Gas,724
4395,Temp,28
4396,Humid,17
4397,Gas,732
4398,Temp,23
4399,Humid,17
4400,Gas,729
4401,Temp,24
4402,Humid,17
4403,Gas,730
4404,Temp,24
4405,Humid,19
4406,Gas,728
4407,Temp,24
4408,Humid,19
4409,Gas,730
4410,Temp,23
4411,Humid,19
4412,Gas,726
4413,Temp,24
4414,Humid,19
4415,Gas,728
4416,Temp,23
4417,Humid,17
4418,Gas,728
4419,Temp,25
4420,Humid,15
4421,Gas,732
4422,Temp,24
4423,Humid,17
4424,Gas,728
4425,Temp,24
4426,Humid,17
4427,Gas,730
4428,Temp,23
4429,Humid,19
4430,Gas,732
4431,Temp,24
4432,Humid,16
4433,Gas,734
4434,Temp,24
4435,Humid,16
4436,Gas,728
4437,Temp,24
4438,Humid,19
4439,Gas,732
4440,Temp,24
4441,Humid,19
4442,Gas,730
4443,Temp,23
4444,Humid,19
4445,Gas,732
4446,Temp,24
4447,Humid,19
4448,Gas,735
4449,Temp,24
4450,Humid,19
4451,Gas,728
4452,Temp,24
4453,Humid,19
4454,Gas,729
4455,Temp,24
4456,Gas,732
4457,Humid,16
4458,Temp,24
4459,Humid,16
4460,Gas,745
4461,Temp,24
4462,Humid,19
4463,Gas,741
4464,Temp,30
4465,Humid,13
4466,Gas,737
4467,Temp,24
4468,Humid,19
4469,Gas,736
4470,Temp,24
4471,Humid,19
4472,Gas,728
4473,Temp,24
4474,Humid,16
4475,Gas,736
4476,Temp,24
4477,Humid,19
4478,Gas,737
4479,Temp,24
4480,Humid,16
4481,Gas,737
4482,Temp,26
4483,Humid,15
4484,Gas,736
4485,Temp,24
4486,Humid,16
4487,Gas,735
4488,Temp,24
4489,Humid,16
4490,Gas,726
4491,Temp,24
4492,Humid,17
4493,Gas,727
4494,Temp,24
4495,Humid,19
4496,Gas,728
4497,Temp,24
4498,Humid,16
4499,Gas,728
4500,Temp,24
4501,Humid,19
4502,Gas,723
4503,Temp,24
4504,Humid,16
4505,Gas,730
4506,Temp,24
4507,Humid,16
4508,Gas,729
4509,Temp,28
4510,Humid,14
4511,Gas,732
4512,Temp,24
4513,Humid,19
4514,Gas,729
4515,Temp,24
4516,Humid,19
4517,Gas,728
4518,Temp,24
4519,Humid,16
4520,Gas,727
4521,Temp,28
4522,Humid,14
4523,Gas,724
4524,Temp,24
4525,Humid,17
4526,Gas,732
4527,Temp,24
4528,Humid,16
4529,Gas,735
4530,Temp,24
4531,Humid,19
4532,Gas,741
4533,Temp,24
4534,Humid,17
4535,Gas,740
4536,Temp,24
4537,Humid,16
4538,Gas,744
4539,Temp,24
4540,Humid,19
4541,Gas,732
4542,Temp,31
4543,Humid,26
4544,Gas,738
4545,Temp,24
4546,Humid,16
4547,Gas,741
4548,Temp,24
4549,Humid,19
4550,Gas,728
4551,Temp,31
4552,Humid,15
4553,Gas,728
4554,Temp,24
4555,Humid,16
4556,Gas,728
4557,Temp,24
4558,Humid,16
4559,Gas,725
4560,Temp,24
4561,Humid,16
4562,Gas,727
4563,Temp,26
4564,Humid,15
4565,Gas,725
4566,Temp,24
4567,Humid,17
4568,Gas,727
4569,Temp,26
4570,Humid,16
4571,Gas,841
4572,Temp,23
4573,Humid,16
4574,Gas,835
4575,Temp,23
4576,Humid,16
4577,Gas,832
4578,Temp,23
4579,Humid,18
4580,Gas,830
4581,Temp,23
4582,Humid,17
4583,Gas,829
4584,Temp,23
4585,Humid,17
4586,Gas,825
4587,Temp,23
4588,Humid,16
4589,Gas,824
4590,Temp,23
4591,Humid,16
4592,Gas,821
4593,Temp,23
4594,Humid,16
4595,Gas,818
4596,Temp,25
4597,Humid,15
4598,Gas,808
4599,Temp,23
4600,Humid,16
4601,Gas,817
4602,Temp,23
4603,Humid,18
4604,Gas,817
4605,Temp,23
4606,Humid,19
4607,Gas,814
4608,Temp,23
4609,Humid,16
4610,Gas,811
4611,Temp,23
4612,Humid,16
4613,Gas,810
4614,Temp,23
4615,Humid,16
4616,Gas,808
4617,Temp,23
4618,Humid,16
4619,Gas,807
4620,Temp,23
4621,Humid,16
4622,Gas,806
4623,Temp,23
4624,Humid,16
4625,Gas,804
4626,Temp,23
4627,Humid,16
4628,Gas,802
4629,Temp,23
4630,Humid,16
4631,Gas,805
4632,Temp,23
4633,Humid,18
4634,Gas,805
4635,Temp,23
4636,Humid,16
4637,Gas,806
4638,Temp,25
4639,Humid,18
4640,Gas,805
4641,Temp,22
4642,Humid,17
4643,Gas,804
4644,Temp,23
4645,Humid,17
4646,Gas,802
4647,Temp,22
4648,Humid,17
4649,Gas,800
4650,Temp,22
4651,Humid,17
4652,Gas,796
4653,Temp,23
4654,Humid,16
4655,Gas,797
4656,Temp,22
4657,Humid,17
4658,Gas,796
4659,Temp,23
4660,Humid,17
4661,Gas,794
4662,Temp,22
4663,Humid,17
4664,Gas,788
4665,Temp,23
4666,Humid,16
4667,Gas,786
4668,Temp,22
4669,Humid,17
4670,Gas,787
4671,Temp,22
4672,Humid,17
4673,Gas,783
4674,Temp,22
4675,Humid,17
4676,Gas,776
4677,Temp,23
4678,Humid,17
4679,Gas,776
4680,Temp,22
4681,Humid,17
4682,Gas,784
4683,Temp,25
4684,Humid,16
4685,Gas,725
4686,Temp,28
4687,Humid,14
4688,Gas,814
4689,Temp,23
4690,Humid,17
4691,Gas,826
4692,Temp,23
4693,Humid,19
4694,Gas,823
4695,Temp,23
4696,Humid,16
4697,Gas,816
4698,Temp,27
4699,Humid,14
4700,Gas,811
4701,Temp,23
4702,Humid,17
4703,Gas,811
4704,Temp,26
4705,Humid,15
4706,Gas,806
4707,Temp,23
4708,Humid,17
4709,Gas,800
4710,Temp,23
4711,Humid,16
4712,Gas,796
4713,Temp,27
4714,Humid,16
4715,Gas,776
4716,Temp,24
4717,Humid,16
4718,Gas,710
4719,Temp,25
4720,Humid,15
4721,Gas,774
4722,Temp,24
4723,Humid,16
4724,Gas,793
4725,Temp,23
4726,Humid,16
4727,Gas,801
4728,Temp,25
4729,Humid,15
4730,Gas,807
4731,Temp,24
4732,Humid,16
4733,Gas,808
4734,Temp,24
4735,Humid,16
4736,Gas,801
4737,Temp,24
4738,Humid,17
4739,Gas,796
4740,Temp,24
4741,Humid,19
4742,Gas,794
4743,Temp,24
4744,Humid,16
4745,Gas,789
4746,Temp,25
4747,Humid,15
4748,Gas,773
4749,Temp,24
4750,Humid,16
4751,Gas,773
4752,Temp,24
4753,Humid,16
4754,Gas,774
4755,Temp,24
4756,Humid,16
4757,Gas,771
4758,Temp,24
4759,Humid,16
4760,Gas,774
4761,Temp,24
4762,Humid,16
4763,Gas,772
4764,Temp,24
4765,Humid,16
4766,Gas,776
4767,Temp,24
4768,Humid,16
4769,Gas,776
4770,Temp,25
4771,Humid,15
4772,Gas,777
4773,Temp,24
4774,Humid,16
4775,Gas,776
4776,Temp,24
4777,Humid,17
4778,Gas,776
4779,Temp,24
4780,Humid,17
4781,Gas,769
4782,Temp,24
4783,Humid,16
4784,Gas,765
4785,Temp,25
4786,Humid,16
4787,Gas,768
4788,Temp,23
4789,Temp,24
4790,Humid,16
4791,Gas,666
4792,Temp,25
4793,Humid,15
4794,Gas,747
4795,Temp,24
4796,Humid,16
4797,Gas,759
4798,Temp,26
4799,Humid,15
4800,Gas,759
4801,Temp,27
4802,Humid,14
4803,Gas,762
4804,Temp,24
4805,Humid,16
4806,Gas,763
4807,Temp,22
4808,Humid,14
4809,Gas,759
4810,Temp,24
4811,Humid,17
4812,Gas,758
4813,Temp,25
4814,Humid,15
4815,Gas,756
4816,Temp,24
4817,Humid,16
4818,Gas,754
4819,Temp,24
4820,Humid,16
4821,Gas,748
4822,Temp,24
4823,Humid,16
4824,Gas,749
4825,Temp,24
4826,Humid,16
4827,Gas,749
4828,Temp,24
4829,Humid,16
4830,Gas,752
4831,Temp,24
4832,Humid,16
4833,Gas,749
4834,Temp,24
4835,Humid,16
4836,Gas,750
4837,Temp,24
4838,Humid,16
4839,Gas,747
4840,Temp,24
4841,Humid,16
4842,Gas,741
4843,Temp,24
4844,Humid,17
4845,Gas,730
4846,Temp,24
4847,Humid,19
4848,Gas,735
4849,Temp,24
4850,Humid,16
4851,Gas,735
4852,Temp,24
4853,Humid,16
4854,Gas,736
4855,Temp,24
4856,Humid,18
4857,Gas,740
4858,Temp,24
4859,Humid,16
4860,Gas,739
4861,Temp,24
4862,Humid,16
4863,Gas,741
4864,Temp,24
4865,Humid,16
4866,Gas,738
4867,Temp,24
4868,Humid,16
4869,Gas,738
4870,Temp,24
4871,Humid,16
4872,Gas,738
4873,Temp,24
4874,Humid,16
4875,Gas,736
4876,Temp,24
4877,Humid,16
4878,Gas,736
4879,Temp,24
4880,Humid,16
4881,Gas,735
4882,Temp,25
4883,Humid,15
4884,Gas,736
4885,Temp,24
4886,Humid,16
4887,Gas,745
4888,Temp,24
4889,Humid,16
4890,Gas,740
4891,Temp,26
4892,Humid,15
4893,Gas,740
4894,Temp,24
4895,Humid,16
4896,Gas,736
4897,Temp,24
4898,Humid,16
4899,Gas,736
4900,Temp,24
4901,Humid,18
4902,Gas,738
4903,Temp,24
4904,Humid,16
4905,Gas,736
4906,Temp,30
4907,Humid,13
4908,Gas,739
4909,Temp,27
4910,Humid,14
4911,Gas,738
4912,Temp,24
4913,Humid,16
4914,Gas,738
4915,Temp,24
4916,Humid,16
4917,Gas,737
4918,Temp,24
4919,Humid,16
4920,Gas,739
4921,Temp,24
4922,Humid,18
4923,Gas,738
4924,Temp,24
4925,Humid,16
4926,Gas,737
4927,Temp,24
4928,Humid,16
4929,Gas,736
4930,Temp,24
4931,Humid,16
4932,Gas,735
4933,Temp,24
4934,Humid,16
4935,Gas,737
4936,Temp,24
4937,Humid,16
4938,Gas,738
4939,Temp,25
4940,Humid,15
4941,Gas,737
4942,Temp,24
4943,Humid,16
4944,Gas,736
4945,Temp,24
4946,Humid,16
4947,Gas,736
4948,Temp,24
4949,Humid,16
4950,Gas,735
4951,Temp,24
4952,Humid,16
4953,Gas,734
4954,Temp,26
4955,Humid,15
4956,Gas,735
4957,Temp,24
4958,Humid,16
4959,Gas,740
4960,Temp,24
4961,Humid,16
4962,Gas,735
4963,Temp,24
4964,Humid,16
4965,Gas,740
4966,Temp,24
4967,Humid,16
4968,Gas,739
4969,Temp,25
4970,Humid,15
4971,Gas,738
4972,Temp,26
4973,Humid,15
4974,Gas,728
4975,Temp,24
4976,Humid,16
4977,Gas,739
4978,Temp,24
4979,Humid,16
4980,Gas,730
4981,Temp,24
4982,Humid,16
4983,Gas,737
4984,Temp,25
4985,Humid,15
4986,Gas,729
4987,Temp,24
4988,Humid,16
4989,Gas,725
4990,Temp,24
4991,Humid,16
4992,Gas,738
4993,Temp,24
4994,Humid,16
4995,Gas,738
4996,Temp,25
4997,Humid,15
4998,Gas,738
4999,Temp,27
5000,Humid,13
5001,Gas,728
5002,Temp,27
5003,Humid,14
5004,Gas,728
5005,Temp,24
5006,Humid,16
5007,Gas,739
5008,Temp,24
5009,Humid,16
5010,Gas,737
5011,Temp,24
5012,Humid,16
5013,Gas,737
5014,Temp,24
5015,Humid,17
5016,Gas,732
5017,Temp,24
5018,Humid,16
5019,Gas,735
5020,Temp,24
5021,Humid,16
5022,Gas,736
5023,Temp,24
5024,Humid,16
5025,Gas,735
5026,Temp,25
5027,Humid,15
5028,Gas,734
5029,Temp,24
5030,Humid,16
5031,Gas,729
5032,Temp,24
5033,Humid,16
5034,Gas,735
5035,Temp,24
5036,Humid,16
5037,Gas,730
5038,Temp,24
5039,Humid,16
5040,Gas,729
5041,Temp,24
5042,Humid,16
5043,Gas,732
5044,Temp,29
5045,Humid,13
5046,Gas,730
5047,Temp,24
5048,Humid,16
5049,Gas,732
5050,Temp,24
5051,Humid,17
5052,Gas,728
5053,Temp,24
5054,Humid,15
5055,Gas,730
5056,Temp,24
5057,Humid,16
5058,Gas,726
5059,Temp,24
5060,Humid,16
5061,Gas,721
5062,Temp,24
5063,Humid,16
5064,Gas,728
5065,Temp,24
5066,Humid,16
5067,Gas,696
5068,Temp,24
5069,Humid,19
5070,Gas,712
5071,Temp,21
5072,Humid,15
5073,Gas,712
5074,Temp,24
5075,Humid,16
5076,Gas,715
5077,Temp,24
5078,Humid,16
5079,Gas,716
5080,Temp,24
5081,Humid,16
5082,Gas,717
5083,Temp,24
5084,Humid,16
5085,Gas,716
5086,Temp,24
5087,Humid,19
5088,Gas,717
5089,Temp,25
5090,Humid,15
5091,Gas,713
5092,Temp,25
5093,Humid,15
5094,Gas,717
5095,Temp,24
5096,Humid,16
5097,Gas,718
5098,Temp,24
5099,Humid,16
5100,Gas,720
5101,Temp,24
5102,Humid,16
5103,Gas,720
5104,Temp,24
5105,Humid,16
5106,Gas,721
5107,Temp,24
5108,Humid,16
5109,Gas,720
5110,Temp,24
5111,Humid,16
5112,Gas,721
5113,Temp,24
5114,Humid,16
5115,Gas,721
5116,Temp,25
5117,Humid,15
5118,Gas,720
5119,Temp,24
5120,Humid,17
5121,Gas,720
5122,Temp,24
5123,Humid,16
5124,Gas,721
5125,Temp,24
5126,Humid,16
5127,Gas,718
5128,Temp,24
5129,Humid,16
5130,Gas,720
5131,Temp,24
5132,Humid,17
5133,Gas,720
5134,Temp,24
5135,Humid,16
5136,Gas,721
5137,Temp,27
5138,Humid,15
5139,Gas,721
5140,Temp,24
5141,Humid,16
5142,Gas,721
5143,Temp,24
5144,Humid,16
5145,Gas,722
5146,Temp,24
5147,Humid,18
5148,Gas,721
5149,Temp,24
5150,Humid,16
5151,Gas,721
5152,Temp,24
5153,Humid,16
5154,Gas,720
5155,Temp,27
5156,Humid,14
5157,Gas,722
5158,Temp,27
5159,Humid,14
5160,Gas,721
5161,Temp,24
5162,Humid,16
5163,Gas,720
5164,Temp,24
5165,Humid,17
5166,Gas,721
5167,Temp,24
5168,Humid,16
5169,Gas,721
5170,Temp,24
5171,Humid,16
5172,Gas,721
5173,Temp,24
5174,Humid,18
5175,Gas,717
5176,Temp,24
5177,Humid,16
5178,Gas,720
5179,Temp,24
5180,Humid,16
5181,Gas,720
5182,Temp,24
5183,Humid,16
5184,Gas,720
5185,Temp,25
5186,Humid,16
5187,Gas,723
5188,Temp,24
5189,Humid,19
5190,Gas,715
5191,Temp,24
5192,Humid,16
5193,Gas,720
5194,Temp,24
5195,Humid,16
5196,Gas,717
5197,Temp,27
5198,Humid,14
5199,Gas,713
5200,Temp,24
5201,Humid,18
5202,Gas,717
5203,Temp,24
5204,Humid,16
5205,Gas,717
5206,Temp,25
5207,Humid,15
5208,Gas,720
5209,Temp,24
5210,Humid,16
5211,Gas,720
5212,Temp,24
5213,Humid,16
5214,Gas,722
5215,Temp,24
5216,Humid,16
5217,Gas,721
5218,Temp,24
5219,Humid,16
5220,Gas,718
5221,Temp,24
5222,Humid,16
5223,Gas,721
5224,Temp,24
5225,Humid,16
5226,Gas,721
5227,Temp,24
5228,Humid,16
5229,Gas,718
5230,Temp,24
5231,Humid,16
5232,Gas,721
5233,Temp,24
5234,Humid,16
5235,Gas,717
5236,Temp,26
5237,Humid,15
5238,Gas,721
5239,Temp,24
5240,Humid,16
5241,Gas,721
5242,Temp,24
5243,Humid,17
5244,Gas,722
5245,Temp,24
5246,Humid,16
5247,Gas,721
5248,Temp,20
5249,Humid,15
5250,Gas,722
5251,Temp,24
5252,Humid,16
5253,Gas,722
5254,Temp,24
5255,Humid,16
5256,Gas,717
5257,Temp,24
5258,Humid,17
5259,Gas,720
5260,Temp,24
5261,Humid,16
5262,Gas,716
5263,Temp,24
5264,Humid,16
5265,Gas,723
5266,Temp,24
5267,Humid,17
5268,Gas,716
5269,Temp,25
5270,Humid,15
5271,Gas,714
5272,Temp,24
5273,Humid,16
5274,Gas,715
5275,Temp,24
5276,Humid,16
5277,Gas,716
5278,Temp,24
5279,Humid,16
5280,Gas,723
5281,Temp,25
5282,Humid,15
5283,Gas,720
5284,Temp,26
5285,Humid,15
5286,Gas,717
5287,Temp,24
5288,Humid,16
5289,Gas,717
5290,Humid,16
5291,Gas,720
5292,Temp,24
5293,Humid,16
5294,Gas,721
5295,Temp,24
5296,Humid,16
5297,Gas,723
5298,Temp,29
5299,Humid,13
5300,Gas,723
5301,Temp,24
5302,Humid,16
5303,Gas,728
5304,Temp,26
5305,Humid,15
5306,Gas,722
5307,Temp,24
5308,Humid,16
5309,Gas,722
5310,Temp,24
5311,Humid,16
5312,Gas,727
5313,Temp,24
5314,Humid,16
5315,Gas,713
5316,Temp,25
5317,Humid,16
5318,Gas,735
5319,Temp,26
5320,Humid,16
5321,Gas,740
5322,Temp,24
5323,Humid,16
5324,Gas,728
5325,Temp,24
5326,Humid,16
5327,Gas,728
5328,Temp,24
5329,Humid,16
5330,Gas,730
5331,Temp,24
5332,Humid,16
5333,Gas,728
5334,Temp,24
5335,Humid,16
5336,Gas,730
5337,Temp,24
5338,Humid,16
5339,Gas,732
5340,Temp,24
5341,Humid,16
5342,Gas,728
5343,Temp,24
5344,Humid,16
5345,Gas,729
5346,Temp,24
5347,Humid,16
5348,Gas,730
5349,Temp,24
5350,Humid,16
5351,Gas,730
5352,Temp,24
5353,Humid,16
5354,Gas,729
5355,Temp,24
5356,Humid,16
5357,Gas,725
5358,Temp,24
5359,Humid,16
5360,Gas,740
5361,Temp,24
5362,Humid,16
5363,Gas,739
5364,Temp,24
5365,Humid,17
5366,Gas,945
5367,Temp,24
5368,Humid,19
5369,Gas,926
5370,Temp,24
5371,Humid,16
5372,Gas,916
5373,Temp,24
5374,Humid,17
5375,Gas,908
5376,Temp,25
5377,Humid,15
5378,Gas,894
5379,Temp,24
5380,Humid,16
5381,Gas,908
5382,Temp,24
5383,Humid,61
5384,Gas,900
5385,Temp,25
5386,Humid,64
5387,Gas,884
5388,Temp,25
5389,Humid,63
5390,Gas,883
5391,Temp,25
5392,Humid,42
5393,Gas,877
5394,Temp,25
5395,Humid,18
5396,Gas,876
5397,Temp,25
5398,Humid,29
5399,Gas,865
5400,Temp,26
5401,Humid,15
5402,Gas,859
5403,Temp,25
5404,Humid,15
5405,Gas,856
5406,Temp,26
5407,Humid,15
5408,Gas,853
5409,Temp,27
5410,Humid,14
5411,Gas,848
5412,Temp,26
5413,Humid,15
5414,Gas,845
5415,Temp,26
5416,Humid,15
5417,Gas,841
5418,Temp,26
5419,Humid,15
5420,Gas,842
5421,Temp,26
5422,Humid,15
5423,Gas,837
5424,Temp,26
5425,Humid,15
5426,Gas,832
5427,Temp,26
5428,Humid,15
5429,Gas,831
5430,Temp,26
5431,Humid,15
5432,Gas,830
5433,Temp,28
5434,Humid,14
5435,Gas,828
5436,Temp,25
5437,Humid,15
5438,Gas,826
5439,Temp,25
5440,Humid,15
5441,Gas,823
5442,Temp,27
5443,Humid,14
5444,Gas,831
5445,Temp,25
5446,Humid,15
5447,Gas,825
5448,Temp,25
5449,Humid,15
5450,Gas,820
5451,Temp,25
5452,Humid,15
5453,Gas,824
5454,Temp,25
5455,Humid,15
5456,Gas,820
5457,Temp,25
5458,Humid,15
5459,Gas,820
5460,Temp,25
5461,Humid,15
5462,Gas,814
5463,Temp,25
5464,Humid,15
5465,Gas,799
5466,Temp,28
5467,Humid,14
5468,Gas,796
5469,Temp,25
5470,Humid,15
5471,Gas,798
5472,Temp,25
5473,Humid,15
5474,Gas,797
5475,Temp,28
5476,Humid,14
5477,Gas,792
5478,Temp,28
5479,Humid,14
5480,Gas,796
5481,Temp,25
5482,Humid,15
5483,Gas,794
5484,Temp,26
5485,Humid,15
5486,Gas,792
5487,Temp,25
5488,Humid,16
5489,Gas,792
5490,Temp,25
5491,Humid,15
5492,Gas,792
5493,Temp,25
5494,Humid,15
5495,Gas,786
5496,Temp,22
5497,Humid,14
5498,Gas,787
5499,Temp,25
5500,Humid,15
5501,Gas,788
5502,Temp,25
5503,Humid,17
5504,Gas,787
5505,Temp,26
5506,Humid,15
5507,Gas,786
5508,Temp,28
5509,Humid,14
5510,Gas,787
5511,Temp,25
5512,Humid,15
5513,Gas,787
5514,Temp,26
5515,Humid,15
5516,Gas,786
5517,Temp,25
5518,Humid,15
5519,Gas,785
5520,Temp,25
5521,Humid,15
5522,Gas,786
5523,Temp,25
5524,Humid,15
5525,Gas,784
5526,Temp,25
5527,Humid,15
5528,Gas,786
5529,Temp,25
5530,Humid,17
5531,Gas,784
5532,Temp,24
5533,Humid,16
5534,Gas,782
5535,Temp,27
5536,Humid,15
5537,Gas,784
5538,Temp,25
5539,Humid,15
5540,Gas,784
5541,Temp,24
5542,Humid,16
5543,Gas,786
5544,Temp,25
5545,Humid,15
5546,Gas,785
5547,Temp,25
5548,Humid,15
5549,Gas,784
5550,Temp,25
5551,Humid,15
5552,Gas,782
5553,Temp,25
5554,Humid,15
5555,Gas,782
5556,Temp,27
5557,Humid,14
5558,Gas,783
5559,Temp,25
5560,Humid,15
5561,Gas,778
5562,Temp,25
5563,Humid,15
5564,Gas,782
5565,Temp,25
5566,Humid,15
5567,Gas,774
5568,Temp,25
5569,Humid,15
5570,Gas,774
5571,Temp,25
5572,Humid,14
5573,Gas,776
5574,Temp,27
5575,Humid,15
5576,Temp,27
5577,Humid,16
5578,Gas,777
5579,Temp,24
5580,Humid,16
5581,Gas,775
5582,Temp,24
5583,Humid,17
5584,Gas,773
5585,Temp,24
5586,Humid,17
5587,Gas,773
5588,Temp,24
5589,Humid,17
5590,Gas,769
5591,Temp,24
5592,Humid,18
5593,Gas,766
5594,Temp,26
5595,Humid,15
5596,Gas,771
5597,Temp,24
5598,Humid,16
5599,Gas,765
5600,Temp,24
5601,Humid,16
5602,Gas,768
5603,Temp,26
5604,Humid,15
5605,Gas,769
5606,Temp,24
5607,Humid,16
5608,Gas,763
5609,Temp,24
5610,Humid,16
5611,Gas,764
5612,Temp,24
5613,Humid,16
5614,Gas,765
5615,Temp,25
5616,Humid,15
5617,Gas,766
5618,Temp,27
5619,Humid,16
5620,Gas,765
5621,Temp,24
5622,Humid,16
5623,Gas,765
5624,Temp,24
5625,Humid,16
5626,Gas,763
5627,Temp,25
5628,Humid,15
5629,Gas,763
5630,Temp,24
5631,Humid,17
5632,Gas,760
5633,Temp,24
5634,Humid,16
5635,Gas,764
5636,Temp,24
5637,Humid,16
5638,Gas,763
5639,Temp,26
5640,Humid,16
5641,Gas,763
5642,Temp,24
5643,Humid,16
5644,Gas,763
5645,Temp,24
5646,Humid,16
5647,Gas,760
5648,Temp,26
5649,Humid,15
5650,Gas,762
5651,Temp,24
5652,Humid,16
5653,Gas,760
5654,Temp,24
5655,Humid,18
5656,Gas,761
5657,Temp,24
5658,Humid,17
5659,Gas,759
5660,Temp,24
5661,Humid,16
5662,Gas,760
5663,Temp,24
5664,Humid,16
5665,Gas,759
5666,Temp,24
5667,Humid,17
5668,Gas,759
5669,Temp,24
5670,Humid,17
5671,Gas,757
5672,Temp,24
5673,Humid,16
5674,Gas,759
5675,Temp,24
5676,Humid,16
5677,Gas,759
5678,Temp,27
5679,Humid,14
5680,Gas,762
5681,Temp,24
5682,Humid,17
5683,Gas,756
5684,Temp,24
5685,Humid,16
5686,Gas,757
5687,Temp,24
5688,Humid,16
5689,Gas,758
5690,Temp,24
5691,Humid,16
5692,Gas,756
5693,Temp,24
5694,Humid,18
5695,Gas,758
5696,Temp,24
5697,Humid,16
5698,Gas,759
5699,Temp,24
5700,Humid,16
5701,Gas,756
5702,Temp,24
5703,Humid,17
5704,Gas,758
5705,Temp,24
5706,Humid,16
5707,Gas,751
5708,Temp,24
5709,Humid,16
5710,Gas,757
5711,Temp,25
5712,Humid,15
5713,Gas,754
5714,Temp,27
5715,Humid,14
5716,Gas,754
5717,Temp,24
5718,Humid,16
5719,Gas,756
5720,Temp,24
5721,Humid,17
5722,Gas,754
5723,Temp,24
5724,Humid,16
5725,Gas,757
5726,Temp,24
5727,Humid,17
5728,Gas,753
5729,Temp,24
5730,Humid,16
5731,Gas,754
5732,Temp,24
5733,Humid,16
5734,Gas,754
5735,Temp,24
5736,Humid,16
5737,Gas,754
5738,Temp,24
5739,Humid,16
5740,Gas,754
5741,Temp,24
5742,Humid,16
5743,Gas,754
5744,Temp,24
5745,Humid,16
5746,Gas,756
5747,Temp,24
5748,Humid,16
5749,Gas,761
5750,Temp,24
5751,Humid,16
5752,Gas,754
5753,Temp,24
5754,Humid,17
5755,Gas,754
5756,Temp,27
5757,Humid,16
5758,Gas,754
5759,Temp,28
5760,Humid,14
5761,Gas,751
5762,Temp,24
5763,Humid,16
5764,Gas,754
5765,Temp,24
5766,Humid,18
5767,Gas,754
5768,Temp,24
5769,Humid,16
5770,Gas,753
5771,Temp,26
5772,Humid,15
5773,Gas,753
5774,Temp,24
5775,Humid,17
5776,Gas,750
5777,Temp,24
5778,Humid,16
5779,Gas,750
5780,Temp,26
5781,Humid,15
5782,Gas,753
5783,Temp,24
5784,Humid,16
5785,Gas,753
5786,Temp,24
5787,Humid,17
5788,Gas,753
5789,Temp,27
5790,Humid,16
5791,Gas,752
5792,Temp,24
5793,Humid,17
5794,Gas,753
5795,Humid,17
5796,Temp,24
5797,Gas,754
5798,Temp,26
5799,Humid,16
5800,Gas,756
5801,Temp,25
5802,Humid,15
5803,Gas,752
5804,Temp,24
5805,Humid,17
5806,Gas,759
5807,Temp,24
5808,Humid,18
5809,Gas,758
5810,Temp,24
5811,Humid,16
5812,Gas,756
5813,Temp,24
5814,Humid,15
5815,Gas,766
5816,Temp,25
5817,Humid,15
5818,Gas,768
5819,Temp,24
5820,Humid,16
5821,Gas,768
5822,Temp,25
5823,Humid,16
5824,Gas,763
5825,Temp,27
5826,Humid,14
5827,Gas,762
5828,Temp,25
5829,Humid,17
5830,Gas,770
5831,Temp,20
5832,Humid,15
5833,Gas,773
5834,Temp,25
5835,Humid,16
5836,Gas,773
5837,Temp,25
5838,Humid,15
5839,Gas,765
5840,Temp,25
5841,Humid,15
5842,Gas,765
5843,Temp,27
5844,Humid,14
5845,Gas,763
5846,Temp,25
5847,Humid,15
5848,Gas,773
5849,Temp,25
5850,Humid,15
5851,Gas,765
5852,Temp,25
5853,Humid,15
5854,Gas,765
5855,Temp,25
5856,Humid,15
5857,Gas,770
5858,Temp,25
5859,Humid,15
5860,Gas,773
5861,Temp,26
5862,Humid,15
5863,Gas,774
5864,Temp,25
5865,Humid,17
5866,Gas,765
5867,Temp,25
5868,Humid,15
5869,Gas,765
5870,Temp,25
5871,Humid,15
5872,Gas,773
5873,Temp,27
5874,Humid,15
5875,Gas,765
5876,Temp,25
5877,Humid,15
5878,Gas,766
5879,Temp,28
5880,Humid,14
5881,Gas,773
5882,Temp,26
5883,Humid,15
5884,Gas,766
5885,Temp,27
5886,Humid,14
5887,Gas,773
5888,Temp,26
5889,Humid,17
5890,Gas,773
5891,Temp,27
5892,Humid,15
5893,Gas,765
5894,Temp,26
5895,Humid,17
5896,Gas,778
5897,Temp,27
5898,Humid,14
5899,Gas,769
5900,Temp,27
5901,Humid,14
5902,Gas,769
5903,Temp,27
5904,Humid,14
5905,Gas,778
5906,Temp,27
5907,Humid,15
5908,Gas,769
5909,Temp,27
5910,Humid,14
5911,Gas,774
5912,Temp,30
5913,Humid,16
5914,Gas,770
5915,Temp,27
5916,Humid,15
5917,Gas,768
5918,Temp,27
5919,Humid,14
5920,Gas,769
5921,Temp,28
5922,Humid,14
5923,Gas,776
5924,Temp,27
5925,Humid,16
5926,Gas,773
5927,Temp,27
5928,Humid,14
5929,Gas,750
5930,Temp,26
5931,Humid,15
5932,Gas,760
5933,Temp,26
5934,Humid,15
5935,Gas,758
5936,Temp,27
5937,Humid,16
5938,Gas,750
5939,Temp,27
5940,Humid,15
5941,Gas,763
5942,Temp,27
5943,Humid,14
5944,Gas,765
5945,Temp,27
5946,Humid,14
5947,Gas,758
5948,Temp,27
5949,Humid,14
5950,Gas,766
5951,Temp,27
5952,Humid,14
5953,Gas,762
5954,Temp,27
5955,Humid,14
5956,Gas,777
5957,Temp,27
5958,Humid,14
5959,Gas,789
5960,Temp,27
5961,Humid,15
5962,Gas,784
5963,Temp,27
5964,Humid,15
5965,Gas,788
5966,Temp,27
5967,Humid,16
5968,Gas,797
5969,Temp,28
5970,Humid,16
5971,Gas,792
5972,Temp,27
5973,Humid,14
5974,Gas,798
5975,Temp,27
5976,Humid,14
5977,Gas,801
5978,Temp,27
5979,Humid,14
5980,Gas,801
5981,Temp,27
5982,Humid,14
5983,Gas,796
5984,Temp,27
5985,Humid,16
5986,Gas,799
5987,Temp,27
5988,Humid,15
5989,Gas,788
5990,Temp,27
5991,Humid,17
5992,Gas,789
5993,Temp,28
5994,Humid,14
5995,Gas,794
5996,Temp,27
5997,Humid,17
5998,Gas,786
5999,Temp,28
6000,Humid,14
6001,Gas,802
6002,Temp,27
6003,Humid,14
6004,Gas,805
6005,Temp,28
6006,Humid,16
6007,Gas,798
6008,Temp,28
6009,Humid,14
6010,Gas,795
6011,Temp,28
6012,Humid,14
6013,Gas,797
6014,Temp,29
6015,Humid,16
6016,Gas,787
6017,Temp,28
6018,Humid,14
6019,Gas,785
6020,Temp,28
6021,Humid,14
6022,Gas,773
6023,Temp,28
6024,Humid,16
6025,Gas,761
6026,Temp,22
6027,Humid,14
6028,Gas,760
6029,Temp,27
6030,Humid,15
6031,Gas,764
6032,Temp,28
6033,Humid,14
6034,Gas,773
6035,Temp,28
6036,Humid,14
6037,Gas,765
6038,Temp,28
6039,Humid,16
6040,Gas,774
6041,Temp,28
6042,Humid,14
6043,Gas,766
6044,Temp,28
6045,Humid,14
6046,Gas,770
6047,Temp,27
6048,Humid,15
6049,Gas,766
6050,Temp,28
6051,Humid,16
6052,Gas,765
6053,Temp,28
6054,Humid,14
6055,Gas,769
6056,Temp,28
6057,Humid,14
6058,Gas,763
6059,Temp,27
6060,Humid,14
6061,Gas,764
6062,Temp,28
6063,Humid,14
6064,Gas,764
6065,Temp,28
6066,Humid,14
6067,Gas,762
6068,Temp,28
6069,Humid,14
6070,Gas,761
6071,Temp,28
6072,Humid,14
6073,Gas,762
6074,Temp,28
6075,Humid,14
6076,Gas,763
6077,Temp,28
6078,Humid,14
6079,Gas,753
